x0	x0
x0	x1
x0	x2
x0	x3
x0	x4
x0	x5
x0	x6
x0	x7
x0	x8
x0	x9
x0	x11
x0	x12
x0	x13
x0	x15
x0	x19
x0	x23
x0	x27
x0	x29
x0	x30
x0	x31
x0	x32
x0	x35
x0	x39
x0	x41
x0	x43
x0	x44
x0	x45
x0	x46
x0	x47
x0	x48
x0	x54
x0	x59
x0	x60
x0	x61
x0	x62
x0	x63
x0	x64
x0	x67
x1	x0
x1	x2
x1	x3
x1	x6
x1	x7
x1	x8
x1	x9
x1	x11
x1	x13
x1	x14
x1	x15
x1	x19
x1	x22
x1	x25
x1	x27
x1	x29
x1	x30
x1	x33
x1	x35
x1	x37
x1	x38
x1	x39
x1	x42
x1	x44
x1	x53
x1	x57
x1	x59
x1	x62
x1	x66
x1	x75
x1	x77
x2	x0
x2	x3
x2	x5
x2	x6
x2	x8
x2	x9
x2	x10
x2	x12
x2	x13
x2	x14
x2	x15
x2	x17
x2	x18
x2	x20
x2	x21
x2	x23
x2	x24
x2	x25
x2	x26
x2	x29
x2	x30
x2	x31
x2	x33
x2	x36
x2	x38
x2	x41
x2	x42
x2	x43
x2	x44
x2	x45
x2	x52
x2	x62
x2	x65
x2	x67
x2	x68
x2	x69
x2	x70
x2	x73
x2	x88
x3	x3
x3	x5
x3	x6
x3	x7
x3	x8
x3	x10
x3	x13
x3	x15
x3	x16
x3	x18
x3	x19
x3	x22
x3	x23
x3	x24
x3	x25
x3	x28
x3	x33
x3	x36
x3	x37
x3	x39
x3	x41
x3	x42
x3	x44
x3	x45
x3	x49
x3	x53
x3	x57
x3	x60
x3	x61
x3	x69
x3	x72
x3	x82
x4	x0
x4	x5
x4	x6
x4	x10
x4	x21
x4	x24
x4	x25
x4	x26
x4	x27
x4	x28
x4	x30
x4	x32
x4	x36
x4	x44
x4	x48
x4	x51
x4	x53
x4	x54
x4	x57
x4	x58
x4	x60
x4	x73
x4	x74
x4	x81
x5	x0
x5	x1
x5	x2
x5	x4
x5	x5
x5	x6
x5	x7
x5	x8
x5	x12
x5	x13
x5	x15
x5	x16
x5	x17
x5	x18
x5	x19
x5	x20
x5	x23
x5	x25
x5	x27
x5	x28
x5	x29
x5	x31
x5	x33
x5	x34
x5	x36
x5	x37
x5	x38
x5	x40
x5	x42
x5	x45
x5	x49
x5	x53
x5	x56
x5	x57
x5	x59
x5	x69
x5	x70
x5	x91
x6	x0
x6	x1
x6	x2
x6	x5
x6	x7
x6	x8
x6	x9
x6	x10
x6	x11
x6	x12
x6	x13
x6	x16
x6	x18
x6	x20
x6	x21
x6	x22
x6	x23
x6	x25
x6	x27
x6	x28
x6	x31
x6	x33
x6	x35
x6	x37
x6	x40
x6	x42
x6	x44
x6	x45
x6	x48
x6	x50
x6	x51
x6	x54
x6	x57
x6	x63
x6	x66
x6	x75
x6	x80
x7	x0
x7	x1
x7	x2
x7	x3
x7	x4
x7	x5
x7	x7
x7	x9
x7	x10
x7	x11
x7	x13
x7	x15
x7	x16
x7	x19
x7	x20
x7	x21
x7	x22
x7	x23
x7	x24
x7	x26
x7	x27
x7	x34
x7	x41
x7	x43
x7	x48
x7	x54
x7	x60
x7	x65
x7	x72
x7	x82
x8	x1
x8	x2
x8	x4
x8	x6
x8	x7
x8	x9
x8	x10
x8	x13
x8	x16
x8	x18
x8	x19
x8	x20
x8	x21
x8	x22
x8	x23
x8	x25
x8	x26
x8	x27
x8	x29
x8	x33
x8	x35
x8	x36
x8	x37
x8	x40
x8	x41
x8	x42
x8	x53
x8	x64
x8	x67
x8	x75
x8	x77
x8	x82
x8	x86
x9	x1
x9	x2
x9	x3
x9	x4
x9	x5
x9	x6
x9	x8
x9	x9
x9	x12
x9	x13
x9	x14
x9	x15
x9	x16
x9	x18
x9	x22
x9	x23
x9	x26
x9	x29
x9	x30
x9	x31
x9	x35
x9	x36
x9	x37
x9	x42
x9	x44
x9	x46
x9	x49
x9	x56
x9	x59
x9	x60
x9	x67
x9	x68
x9	x70
x9	x84
x10	x0
x10	x3
x10	x4
x10	x7
x10	x8
x10	x9
x10	x10
x10	x13
x10	x14
x10	x16
x10	x17
x10	x18
x10	x21
x10	x23
x10	x25
x10	x27
x10	x28
x10	x31
x10	x32
x10	x33
x10	x35
x10	x38
x10	x40
x10	x44
x10	x53
x10	x54
x10	x56
x10	x57
x10	x58
x10	x60
x10	x62
x10	x68
x10	x74
x10	x80
x11	x0
x11	x3
x11	x6
x11	x7
x11	x8
x11	x9
x11	x10
x11	x11
x11	x13
x11	x14
x11	x15
x11	x16
x11	x17
x11	x22
x11	x23
x11	x24
x11	x26
x11	x29
x11	x30
x11	x31
x11	x32
x11	x33
x11	x35
x11	x40
x11	x41
x11	x48
x11	x50
x11	x52
x11	x61
x11	x77
x12	x0
x12	x1
x12	x3
x12	x4
x12	x5
x12	x6
x12	x7
x12	x8
x12	x9
x12	x10
x12	x11
x12	x13
x12	x14
x12	x15
x12	x16
x12	x17
x12	x18
x12	x19
x12	x21
x12	x22
x12	x24
x12	x25
x12	x27
x12	x28
x12	x29
x12	x31
x12	x37
x12	x38
x12	x39
x12	x40
x12	x42
x12	x46
x12	x48
x12	x52
x12	x56
x12	x58
x12	x62
x12	x63
x12	x67
x12	x69
x12	x73
x12	x75
x12	x86
x12	x87
x12	x89
x13	x0
x13	x1
x13	x2
x13	x8
x13	x9
x13	x11
x13	x13
x13	x14
x13	x15
x13	x17
x13	x19
x13	x21
x13	x25
x13	x26
x13	x28
x13	x32
x13	x34
x13	x48
x13	x49
x13	x50
x13	x59
x13	x63
x13	x66
x13	x72
x13	x74
x13	x75
x13	x81
x13	x82
x13	x87
x14	x0
x14	x1
x14	x2
x14	x3
x14	x5
x14	x6
x14	x7
x14	x8
x14	x9
x14	x10
x14	x11
x14	x12
x14	x16
x14	x21
x14	x24
x14	x25
x14	x28
x14	x30
x14	x31
x14	x32
x14	x36
x14	x37
x14	x41
x14	x43
x14	x45
x14	x48
x14	x54
x14	x55
x14	x60
x14	x64
x14	x69
x14	x73
x14	x80
x14	x89
x14	x93
x14	x95
x15	x0
x15	x3
x15	x5
x15	x6
x15	x7
x15	x9
x15	x11
x15	x13
x15	x15
x15	x20
x15	x21
x15	x26
x15	x27
x15	x28
x15	x30
x15	x34
x15	x40
x15	x41
x15	x42
x15	x44
x15	x45
x15	x52
x15	x58
x15	x62
x15	x74
x15	x81
x16	x0
x16	x2
x16	x3
x16	x4
x16	x6
x16	x7
x16	x8
x16	x9
x16	x10
x16	x12
x16	x13
x16	x14
x16	x15
x16	x17
x16	x18
x16	x19
x16	x20
x16	x21
x16	x22
x16	x27
x16	x30
x16	x37
x16	x40
x16	x51
x16	x58
x16	x62
x16	x63
x16	x74
x16	x78
x16	x80
x16	x81
x16	x85
x16	x92
x17	x0
x17	x3
x17	x4
x17	x7
x17	x8
x17	x9
x17	x11
x17	x12
x17	x13
x17	x14
x17	x16
x17	x17
x17	x18
x17	x20
x17	x22
x17	x23
x17	x24
x17	x26
x17	x27
x17	x28
x17	x30
x17	x31
x17	x32
x17	x33
x17	x35
x17	x36
x17	x38
x17	x41
x17	x45
x17	x50
x17	x51
x17	x52
x17	x57
x17	x62
x17	x63
x17	x65
x17	x83
x18	x0
x18	x2
x18	x3
x18	x6
x18	x7
x18	x10
x18	x11
x18	x12
x18	x15
x18	x16
x18	x18
x18	x20
x18	x23
x18	x24
x18	x26
x18	x27
x18	x28
x18	x29
x18	x30
x18	x37
x18	x40
x18	x41
x18	x42
x18	x43
x18	x44
x18	x45
x18	x46
x18	x52
x18	x53
x18	x60
x18	x61
x18	x64
x18	x76
x18	x83
x18	x84
x18	x86
x18	x94
x19	x0
x19	x1
x19	x5
x19	x6
x19	x7
x19	x8
x19	x12
x19	x13
x19	x14
x19	x15
x19	x18
x19	x19
x19	x23
x19	x24
x19	x26
x19	x27
x19	x28
x19	x29
x19	x31
x19	x32
x19	x33
x19	x34
x19	x37
x19	x41
x19	x42
x19	x45
x19	x48
x19	x49
x19	x52
x19	x55
x19	x58
x19	x64
x19	x68
x19	x69
x19	x74
x19	x75
x19	x80
x19	x88
x19	x89
x19	x98
x20	x0
x20	x1
x20	x2
x20	x3
x20	x5
x20	x6
x20	x7
x20	x8
x20	x9
x20	x11
x20	x13
x20	x16
x20	x18
x20	x19
x20	x23
x20	x24
x20	x25
x20	x26
x20	x33
x20	x35
x20	x38
x20	x40
x20	x41
x20	x44
x20	x48
x20	x54
x20	x55
x20	x58
x20	x70
x20	x73
x21	x1
x21	x3
x21	x5
x21	x6
x21	x8
x21	x9
x21	x10
x21	x11
x21	x12
x21	x13
x21	x14
x21	x15
x21	x16
x21	x17
x21	x18
x21	x19
x21	x22
x21	x23
x21	x24
x21	x25
x21	x26
x21	x30
x21	x33
x21	x35
x21	x36
x21	x46
x21	x49
x21	x62
x21	x67
x21	x68
x21	x72
x21	x97
x22	x1
x22	x2
x22	x3
x22	x4
x22	x6
x22	x8
x22	x9
x22	x10
x22	x13
x22	x14
x22	x16
x22	x17
x22	x19
x22	x20
x22	x23
x22	x25
x22	x26
x22	x28
x22	x32
x22	x34
x22	x37
x22	x38
x22	x39
x22	x40
x22	x44
x22	x49
x22	x52
x22	x54
x22	x55
x22	x56
x22	x57
x22	x58
x22	x64
x22	x67
x22	x71
x22	x74
x22	x75
x22	x76
x22	x80
x22	x82
x23	x0
x23	x1
x23	x2
x23	x3
x23	x4
x23	x5
x23	x6
x23	x7
x23	x9
x23	x11
x23	x12
x23	x15
x23	x16
x23	x17
x23	x18
x23	x19
x23	x21
x23	x22
x23	x23
x23	x27
x23	x28
x23	x29
x23	x30
x23	x31
x23	x32
x23	x33
x23	x34
x23	x36
x23	x40
x23	x42
x23	x43
x23	x50
x23	x51
x23	x52
x23	x57
x23	x59
x23	x60
x23	x61
x23	x72
x23	x78
x23	x79
x23	x80
x23	x81
x24	x0
x24	x1
x24	x5
x24	x6
x24	x8
x24	x11
x24	x12
x24	x13
x24	x14
x24	x17
x24	x19
x24	x20
x24	x23
x24	x24
x24	x31
x24	x32
x24	x36
x24	x37
x24	x38
x24	x41
x24	x46
x24	x47
x24	x49
x24	x50
x24	x51
x24	x61
x24	x63
x24	x65
x24	x71
x24	x73
x24	x78
x24	x79
x25	x0
x25	x1
x25	x2
x25	x3
x25	x4
x25	x5
x25	x7
x25	x9
x25	x11
x25	x13
x25	x14
x25	x15
x25	x17
x25	x18
x25	x21
x25	x23
x25	x25
x25	x26
x25	x27
x25	x32
x25	x34
x25	x35
x25	x38
x25	x39
x25	x40
x25	x44
x25	x45
x25	x46
x25	x47
x25	x48
x25	x50
x25	x52
x25	x53
x25	x56
x25	x58
x25	x64
x25	x70
x26	x0
x26	x1
x26	x2
x26	x4
x26	x5
x26	x6
x26	x7
x26	x9
x26	x10
x26	x14
x26	x15
x26	x16
x26	x17
x26	x20
x26	x21
x26	x22
x26	x23
x26	x24
x26	x26
x26	x27
x26	x28
x26	x29
x26	x31
x26	x33
x26	x35
x26	x37
x26	x38
x26	x39
x26	x41
x26	x43
x26	x45
x26	x54
x26	x56
x26	x61
x26	x62
x26	x63
x26	x70
x26	x75
x26	x77
x26	x79
x26	x82
x26	x90
x26	x91
x26	x95
x27	x3
x27	x5
x27	x7
x27	x8
x27	x9
x27	x10
x27	x11
x27	x15
x27	x16
x27	x17
x27	x20
x27	x21
x27	x23
x27	x24
x27	x25
x27	x27
x27	x28
x27	x30
x27	x31
x27	x33
x27	x34
x27	x35
x27	x36
x27	x39
x27	x40
x27	x41
x27	x43
x27	x45
x27	x47
x27	x48
x27	x54
x27	x55
x27	x57
x27	x59
x27	x69
x27	x73
x27	x75
x28	x0
x28	x1
x28	x2
x28	x4
x28	x5
x28	x7
x28	x8
x28	x9
x28	x11
x28	x12
x28	x13
x28	x16
x28	x17
x28	x18
x28	x19
x28	x25
x28	x26
x28	x27
x28	x28
x28	x29
x28	x35
x28	x36
x28	x37
x28	x39
x28	x42
x28	x43
x28	x44
x28	x45
x28	x46
x28	x48
x28	x52
x28	x53
x28	x60
x28	x65
x28	x73
x28	x74
x28	x75
x29	x0
x29	x1
x29	x3
x29	x4
x29	x5
x29	x7
x29	x9
x29	x14
x29	x17
x29	x18
x29	x19
x29	x21
x29	x24
x29	x25
x29	x31
x29	x33
x29	x34
x29	x36
x29	x37
x29	x38
x29	x40
x29	x42
x29	x44
x29	x49
x29	x51
x29	x52
x29	x59
x29	x62
x29	x66
x29	x73
x29	x78
x30	x1
x30	x3
x30	x4
x30	x5
x30	x6
x30	x8
x30	x10
x30	x11
x30	x12
x30	x13
x30	x14
x30	x16
x30	x17
x30	x19
x30	x20
x30	x21
x30	x23
x30	x24
x30	x26
x30	x29
x30	x30
x30	x31
x30	x33
x30	x36
x30	x45
x30	x49
x30	x50
x30	x51
x30	x53
x30	x58
x30	x60
x30	x62
x30	x64
x30	x67
x30	x86
x30	x91
x31	x0
x31	x1
x31	x2
x31	x3
x31	x5
x31	x8
x31	x10
x31	x11
x31	x12
x31	x14
x31	x15
x31	x16
x31	x20
x31	x21
x31	x22
x31	x25
x31	x26
x31	x29
x31	x30
x31	x32
x31	x40
x31	x42
x31	x43
x31	x45
x31	x47
x31	x59
x31	x68
x31	x72
x31	x96
x32	x0
x32	x3
x32	x5
x32	x6
x32	x9
x32	x10
x32	x11
x32	x18
x32	x22
x32	x23
x32	x26
x32	x27
x32	x31
x32	x33
x32	x36
x32	x37
x32	x39
x32	x40
x32	x42
x32	x43
x32	x48
x32	x54
x32	x58
x32	x59
x32	x61
x32	x62
x32	x63
x32	x65
x32	x69
x32	x80
x33	x0
x33	x1
x33	x3
x33	x4
x33	x5
x33	x6
x33	x7
x33	x10
x33	x12
x33	x13
x33	x14
x33	x15
x33	x16
x33	x17
x33	x18
x33	x19
x33	x24
x33	x27
x33	x28
x33	x31
x33	x32
x33	x39
x33	x44
x33	x51
x33	x52
x33	x54
x33	x55
x33	x59
x33	x62
x33	x67
x33	x90
x34	x2
x34	x3
x34	x4
x34	x5
x34	x6
x34	x7
x34	x8
x34	x11
x34	x12
x34	x14
x34	x16
x34	x17
x34	x19
x34	x20
x34	x23
x34	x24
x34	x25
x34	x28
x34	x29
x34	x30
x34	x37
x34	x38
x34	x45
x34	x48
x34	x50
x34	x52
x34	x58
x34	x60
x34	x61
x34	x63
x34	x64
x34	x65
x34	x74
x34	x75
x34	x77
x34	x80
x34	x81
x34	x84
x34	x85
x35	x0
x35	x2
x35	x5
x35	x6
x35	x7
x35	x8
x35	x9
x35	x10
x35	x13
x35	x15
x35	x16
x35	x17
x35	x19
x35	x20
x35	x21
x35	x23
x35	x25
x35	x26
x35	x29
x35	x30
x35	x35
x35	x36
x35	x37
x35	x40
x35	x41
x35	x46
x35	x48
x35	x50
x35	x56
x35	x57
x35	x58
x35	x60
x35	x63
x35	x64
x35	x72
x35	x79
x35	x87
x35	x89
x35	x92
x36	x0
x36	x2
x36	x3
x36	x4
x36	x5
x36	x6
x36	x7
x36	x8
x36	x10
x36	x13
x36	x14
x36	x17
x36	x18
x36	x21
x36	x23
x36	x24
x36	x26
x36	x28
x36	x30
x36	x35
x36	x37
x36	x39
x36	x43
x36	x45
x36	x47
x36	x48
x36	x50
x36	x55
x36	x59
x36	x63
x36	x65
x36	x66
x36	x67
x36	x68
x36	x70
x36	x75
x36	x90
x37	x0
x37	x1
x37	x2
x37	x3
x37	x6
x37	x7
x37	x8
x37	x12
x37	x13
x37	x14
x37	x15
x37	x17
x37	x18
x37	x20
x37	x21
x37	x23
x37	x25
x37	x30
x37	x33
x37	x34
x37	x35
x37	x36
x37	x41
x37	x43
x37	x45
x37	x46
x37	x47
x37	x56
x37	x57
x37	x58
x37	x59
x37	x60
x37	x61
x37	x62
x37	x63
x37	x65
x37	x68
x37	x78
x37	x79
x38	x1
x38	x2
x38	x3
x38	x5
x38	x6
x38	x8
x38	x9
x38	x10
x38	x13
x38	x14
x38	x18
x38	x19
x38	x21
x38	x23
x38	x24
x38	x25
x38	x26
x38	x30
x38	x31
x38	x34
x38	x37
x38	x39
x38	x42
x38	x44
x38	x46
x38	x53
x38	x55
x39	x1
x39	x2
x39	x4
x39	x6
x39	x7
x39	x8
x39	x11
x39	x14
x39	x16
x39	x20
x39	x21
x39	x22
x39	x23
x39	x25
x39	x27
x39	x28
x39	x29
x39	x31
x39	x33
x39	x36
x39	x37
x39	x38
x39	x39
x39	x40
x39	x41
x39	x44
x39	x45
x39	x54
x39	x57
x39	x58
x39	x59
x39	x62
x39	x65
x39	x67
x39	x75
x39	x77
x39	x81
x40	x0
x40	x1
x40	x3
x40	x5
x40	x6
x40	x8
x40	x10
x40	x11
x40	x13
x40	x14
x40	x15
x40	x18
x40	x19
x40	x20
x40	x21
x40	x22
x40	x25
x40	x26
x40	x27
x40	x29
x40	x30
x40	x33
x40	x34
x40	x38
x40	x42
x40	x43
x40	x45
x40	x48
x40	x52
x40	x55
x40	x57
x40	x65
x40	x76
x40	x79
x41	x0
x41	x1
x41	x2
x41	x3
x41	x5
x41	x7
x41	x8
x41	x9
x41	x10
x41	x11
x41	x12
x41	x13
x41	x14
x41	x19
x41	x20
x41	x21
x41	x23
x41	x25
x41	x26
x41	x35
x41	x36
x41	x38
x41	x40
x41	x41
x41	x42
x41	x46
x41	x47
x41	x48
x41	x51
x41	x52
x41	x54
x41	x58
x41	x60
x41	x65
x41	x69
x41	x73
x41	x83
x41	x85
x42	x0
x42	x1
x42	x3
x42	x4
x42	x6
x42	x8
x42	x12
x42	x13
x42	x14
x42	x15
x42	x17
x42	x19
x42	x20
x42	x21
x42	x22
x42	x24
x42	x25
x42	x27
x42	x29
x42	x35
x42	x37
x42	x39
x42	x40
x42	x44
x42	x45
x42	x46
x42	x53
x42	x62
x42	x64
x42	x67
x42	x70
x42	x75
x42	x81
x42	x82
x42	x86
x43	x0
x43	x1
x43	x2
x43	x3
x43	x4
x43	x5
x43	x6
x43	x7
x43	x8
x43	x9
x43	x10
x43	x11
x43	x13
x43	x15
x43	x16
x43	x17
x43	x18
x43	x19
x43	x23
x43	x24
x43	x25
x43	x26
x43	x28
x43	x30
x43	x34
x43	x36
x43	x41
x43	x46
x43	x48
x43	x51
x43	x57
x43	x60
x43	x69
x43	x73
x43	x85
x43	x92
x44	x0
x44	x3
x44	x5
x44	x6
x44	x7
x44	x10
x44	x12
x44	x14
x44	x16
x44	x17
x44	x19
x44	x20
x44	x22
x44	x24
x44	x25
x44	x28
x44	x32
x44	x34
x44	x36
x44	x37
x44	x38
x44	x47
x44	x48
x44	x50
x44	x52
x44	x55
x44	x58
x44	x80
x44	x87
x45	x0
x45	x2
x45	x4
x45	x5
x45	x9
x45	x12
x45	x13
x45	x14
x45	x15
x45	x19
x45	x21
x45	x22
x45	x23
x45	x25
x45	x27
x45	x28
x45	x32
x45	x34
x45	x35
x45	x36
x45	x37
x45	x38
x45	x39
x45	x40
x45	x41
x45	x42
x45	x43
x45	x44
x45	x46
x45	x47
x45	x48
x45	x49
x45	x58
x45	x62
x45	x64
x45	x65
x45	x67
x45	x77
x45	x81
x45	x87
x46	x2
x46	x7
x46	x8
x46	x9
x46	x10
x46	x11
x46	x12
x46	x13
x46	x15
x46	x18
x46	x19
x46	x22
x46	x24
x46	x25
x46	x26
x46	x28
x46	x29
x46	x30
x46	x33
x46	x35
x46	x37
x46	x38
x46	x41
x46	x42
x46	x46
x46	x48
x46	x49
x46	x50
x46	x51
x46	x53
x46	x55
x46	x56
x46	x67
x46	x72
x46	x86
x47	x0
x47	x1
x47	x3
x47	x6
x47	x9
x47	x10
x47	x12
x47	x16
x47	x18
x47	x21
x47	x22
x47	x23
x47	x24
x47	x27
x47	x29
x47	x30
x47	x34
x47	x36
x47	x38
x47	x41
x47	x42
x47	x43
x47	x45
x47	x47
x47	x48
x47	x49
x47	x51
x47	x53
x47	x57
x47	x61
x47	x66
x47	x69
x47	x72
x47	x73
x47	x75
x47	x84
x48	x0
x48	x1
x48	x2
x48	x3
x48	x4
x48	x6
x48	x7
x48	x8
x48	x10
x48	x11
x48	x17
x48	x18
x48	x19
x48	x20
x48	x21
x48	x22
x48	x23
x48	x25
x48	x27
x48	x29
x48	x32
x48	x35
x48	x36
x48	x38
x48	x39
x48	x42
x48	x44
x48	x45
x48	x48
x48	x52
x48	x53
x48	x54
x48	x58
x48	x65
x48	x69
x48	x80
x48	x82
x48	x89
x49	x0
x49	x2
x49	x3
x49	x5
x49	x6
x49	x7
x49	x9
x49	x10
x49	x11
x49	x12
x49	x14
x49	x16
x49	x19
x49	x20
x49	x21
x49	x23
x49	x24
x49	x25
x49	x26
x49	x28
x49	x30
x49	x32
x49	x38
x49	x41
x49	x42
x49	x44
x49	x46
x49	x47
x49	x51
x49	x56
x49	x57
x49	x58
x49	x59
x49	x71
x49	x85
x50	x0
x50	x3
x50	x5
x50	x6
x50	x11
x50	x12
x50	x13
x50	x15
x50	x18
x50	x19
x50	x20
x50	x21
x50	x24
x50	x27
x50	x29
x50	x30
x50	x31
x50	x41
x50	x43
x50	x44
x50	x46
x50	x51
x50	x67
x50	x73
x50	x75
x50	x81
x51	x3
x51	x5
x51	x6
x51	x7
x51	x8
x51	x15
x51	x17
x51	x19
x51	x20
x51	x21
x51	x22
x51	x23
x51	x24
x51	x26
x51	x31
x51	x32
x51	x33
x51	x37
x51	x39
x51	x40
x51	x42
x51	x44
x51	x46
x51	x52
x51	x53
x51	x55
x51	x56
x51	x66
x51	x75
x51	x78
x52	x0
x52	x2
x52	x3
x52	x5
x52	x8
x52	x10
x52	x12
x52	x17
x52	x18
x52	x19
x52	x22
x52	x23
x52	x24
x52	x25
x52	x27
x52	x28
x52	x29
x52	x30
x52	x35
x52	x45
x52	x48
x52	x55
x52	x59
x52	x62
x52	x63
x52	x65
x52	x69
x52	x74
x53	x0
x53	x2
x53	x3
x53	x4
x53	x5
x53	x7
x53	x8
x53	x10
x53	x12
x53	x13
x53	x14
x53	x16
x53	x17
x53	x18
x53	x24
x53	x25
x53	x26
x53	x27
x53	x30
x53	x32
x53	x37
x53	x38
x53	x40
x53	x41
x53	x42
x53	x43
x53	x47
x53	x50
x53	x52
x53	x53
x53	x54
x53	x61
x53	x65
x53	x69
x53	x70
x53	x74
x53	x76
x53	x79
x53	x80
x53	x82
x53	x96
x54	x1
x54	x2
x54	x3
x54	x4
x54	x5
x54	x6
x54	x7
x54	x10
x54	x11
x54	x14
x54	x17
x54	x18
x54	x19
x54	x21
x54	x23
x54	x25
x54	x26
x54	x28
x54	x29
x54	x31
x54	x35
x54	x40
x54	x42
x54	x44
x54	x47
x54	x56
x54	x64
x54	x66
x54	x67
x54	x77
x54	x87
x54	x92
x55	x0
x55	x2
x55	x4
x55	x5
x55	x6
x55	x9
x55	x11
x55	x15
x55	x16
x55	x17
x55	x19
x55	x20
x55	x21
x55	x22
x55	x24
x55	x25
x55	x26
x55	x28
x55	x30
x55	x32
x55	x34
x55	x35
x55	x37
x55	x39
x55	x40
x55	x46
x55	x47
x55	x55
x55	x56
x55	x57
x55	x59
x55	x61
x55	x63
x55	x66
x55	x68
x55	x70
x55	x76
x55	x81
x55	x82
x55	x86
x55	x98
x56	x1
x56	x4
x56	x5
x56	x7
x56	x10
x56	x14
x56	x16
x56	x19
x56	x26
x56	x33
x56	x35
x56	x36
x56	x39
x56	x41
x56	x43
x56	x46
x56	x47
x56	x49
x56	x51
x56	x52
x56	x54
x56	x56
x56	x60
x56	x61
x56	x68
x56	x73
x57	x0
x57	x1
x57	x2
x57	x3
x57	x8
x57	x11
x57	x15
x57	x16
x57	x17
x57	x20
x57	x22
x57	x23
x57	x25
x57	x26
x57	x28
x57	x30
x57	x31
x57	x32
x57	x37
x57	x39
x57	x42
x57	x45
x57	x46
x57	x47
x57	x52
x57	x54
x57	x56
x57	x57
x57	x58
x57	x60
x57	x65
x57	x67
x57	x69
x57	x77
x57	x84
x57	x86
x58	x0
x58	x1
x58	x2
x58	x3
x58	x4
x58	x7
x58	x8
x58	x11
x58	x12
x58	x13
x58	x15
x58	x16
x58	x17
x58	x19
x58	x21
x58	x24
x58	x26
x58	x27
x58	x29
x58	x30
x58	x32
x58	x34
x58	x35
x58	x37
x58	x40
x58	x41
x58	x44
x58	x47
x58	x50
x58	x51
x58	x52
x58	x54
x58	x55
x58	x58
x58	x60
x58	x64
x58	x66
x58	x68
x58	x75
x58	x80
x58	x81
x59	x0
x59	x1
x59	x2
x59	x3
x59	x4
x59	x5
x59	x7
x59	x9
x59	x10
x59	x13
x59	x15
x59	x16
x59	x17
x59	x18
x59	x20
x59	x22
x59	x25
x59	x26
x59	x28
x59	x29
x59	x30
x59	x32
x59	x33
x59	x35
x59	x36
x59	x37
x59	x41
x59	x42
x59	x43
x59	x44
x59	x45
x59	x48
x59	x49
x59	x53
x59	x56
x59	x68
x59	x72
x59	x73
x59	x74
x59	x75
x59	x82
x59	x88
x60	x1
x60	x2
x60	x3
x60	x4
x60	x6
x60	x7
x60	x8
x60	x9
x60	x11
x60	x12
x60	x13
x60	x14
x60	x15
x60	x16
x60	x17
x60	x18
x60	x19
x60	x21
x60	x26
x60	x27
x60	x28
x60	x29
x60	x30
x60	x37
x60	x38
x60	x42
x60	x44
x60	x45
x60	x50
x60	x51
x60	x52
x60	x56
x60	x57
x60	x58
x60	x64
x60	x66
x60	x68
x60	x71
x60	x74
x60	x90
x61	x0
x61	x1
x61	x2
x61	x3
x61	x5
x61	x6
x61	x7
x61	x9
x61	x10
x61	x11
x61	x12
x61	x13
x61	x14
x61	x16
x61	x17
x61	x19
x61	x20
x61	x22
x61	x27
x61	x30
x61	x31
x61	x32
x61	x33
x61	x36
x61	x37
x61	x38
x61	x42
x61	x43
x61	x44
x61	x49
x61	x58
x61	x63
x61	x66
x61	x73
x61	x75
x61	x78
x61	x85
x61	x98
x62	x1
x62	x2
x62	x3
x62	x4
x62	x5
x62	x7
x62	x8
x62	x9
x62	x12
x62	x13
x62	x14
x62	x15
x62	x16
x62	x19
x62	x20
x62	x21
x62	x22
x62	x23
x62	x25
x62	x26
x62	x29
x62	x30
x62	x31
x62	x33
x62	x34
x62	x35
x62	x37
x62	x39
x62	x40
x62	x42
x62	x43
x62	x53
x62	x58
x62	x59
x62	x61
x62	x62
x62	x63
x62	x68
x62	x72
x62	x74
x62	x76
x62	x79
x62	x82
x62	x85
x62	x91
x63	x2
x63	x3
x63	x4
x63	x5
x63	x7
x63	x8
x63	x11
x63	x12
x63	x13
x63	x15
x63	x17
x63	x20
x63	x21
x63	x23
x63	x24
x63	x26
x63	x32
x63	x33
x63	x35
x63	x38
x63	x42
x63	x44
x63	x45
x63	x47
x63	x48
x63	x57
x63	x58
x63	x61
x63	x62
x63	x69
x63	x70
x63	x73
x63	x75
x63	x77
x63	x80
x63	x84
x64	x0
x64	x2
x64	x4
x64	x5
x64	x6
x64	x7
x64	x8
x64	x9
x64	x11
x64	x12
x64	x14
x64	x15
x64	x18
x64	x22
x64	x23
x64	x25
x64	x27
x64	x28
x64	x29
x64	x30
x64	x31
x64	x38
x64	x43
x64	x48
x64	x50
x64	x52
x64	x53
x64	x55
x64	x57
x64	x59
x64	x70
x64	x90
x65	x1
x65	x2
x65	x4
x65	x5
x65	x6
x65	x8
x65	x11
x65	x12
x65	x16
x65	x21
x65	x22
x65	x23
x65	x26
x65	x27
x65	x28
x65	x29
x65	x32
x65	x33
x65	x34
x65	x36
x65	x37
x65	x40
x65	x42
x65	x47
x65	x48
x65	x49
x65	x50
x65	x52
x65	x53
x65	x54
x65	x58
x65	x64
x65	x67
x65	x68
x65	x69
x65	x75
x65	x84
x65	x85
x65	x90
x66	x0
x66	x1
x66	x2
x66	x3
x66	x4
x66	x8
x66	x9
x66	x12
x66	x13
x66	x14
x66	x15
x66	x16
x66	x20
x66	x21
x66	x22
x66	x24
x66	x25
x66	x26
x66	x30
x66	x31
x66	x32
x66	x33
x66	x34
x66	x35
x66	x36
x66	x41
x66	x42
x66	x43
x66	x52
x66	x55
x66	x58
x66	x64
x66	x66
x66	x70
x66	x73
x66	x75
x66	x81
x66	x94
x67	x0
x67	x1
x67	x3
x67	x4
x67	x5
x67	x6
x67	x7
x67	x8
x67	x9
x67	x10
x67	x11
x67	x12
x67	x15
x67	x18
x67	x19
x67	x20
x67	x21
x67	x22
x67	x24
x67	x27
x67	x29
x67	x30
x67	x35
x67	x38
x67	x42
x67	x44
x67	x47
x67	x48
x67	x49
x67	x50
x67	x60
x67	x65
x67	x67
x67	x69
x67	x70
x67	x72
x67	x75
x67	x81
x68	x0
x68	x6
x68	x7
x68	x8
x68	x9
x68	x10
x68	x12
x68	x14
x68	x16
x68	x17
x68	x20
x68	x22
x68	x23
x68	x24
x68	x26
x68	x27
x68	x32
x68	x36
x68	x37
x68	x38
x68	x40
x68	x42
x68	x43
x68	x45
x68	x46
x68	x48
x68	x50
x68	x51
x68	x55
x68	x65
x68	x71
x68	x76
x68	x89
x68	x90
x69	x0
x69	x1
x69	x4
x69	x6
x69	x8
x69	x9
x69	x10
x69	x11
x69	x12
x69	x13
x69	x14
x69	x17
x69	x19
x69	x20
x69	x21
x69	x23
x69	x24
x69	x27
x69	x28
x69	x29
x69	x30
x69	x31
x69	x32
x69	x33
x69	x34
x69	x38
x69	x44
x69	x46
x69	x47
x69	x48
x69	x50
x69	x52
x69	x53
x69	x54
x69	x55
x69	x61
x69	x68
x70	x0
x70	x3
x70	x4
x70	x7
x70	x10
x70	x12
x70	x13
x70	x14
x70	x15
x70	x19
x70	x20
x70	x21
x70	x24
x70	x26
x70	x29
x70	x30
x70	x31
x70	x32
x70	x33
x70	x36
x70	x38
x70	x39
x70	x44
x70	x45
x70	x46
x70	x47
x70	x49
x70	x50
x70	x52
x70	x55
x70	x60
x70	x64
x70	x65
x70	x76
x70	x85
x70	x93
x71	x0
x71	x1
x71	x2
x71	x3
x71	x6
x71	x7
x71	x11
x71	x13
x71	x14
x71	x15
x71	x18
x71	x21
x71	x22
x71	x26
x71	x27
x71	x30
x71	x32
x71	x33
x71	x37
x71	x42
x71	x44
x71	x46
x71	x47
x71	x49
x71	x50
x71	x52
x71	x53
x71	x66
x71	x68
x71	x69
x71	x70
x71	x72
x71	x75
x71	x76
x71	x80
x71	x82
x72	x0
x72	x1
x72	x3
x72	x4
x72	x5
x72	x6
x72	x8
x72	x10
x72	x12
x72	x13
x72	x14
x72	x15
x72	x17
x72	x18
x72	x20
x72	x21
x72	x22
x72	x23
x72	x24
x72	x25
x72	x26
x72	x32
x72	x33
x72	x35
x72	x37
x72	x39
x72	x40
x72	x42
x72	x43
x72	x44
x72	x46
x72	x47
x72	x52
x72	x53
x72	x58
x72	x62
x72	x69
x72	x72
x72	x73
x72	x77
x72	x81
x72	x82
x73	x2
x73	x6
x73	x7
x73	x8
x73	x9
x73	x12
x73	x15
x73	x16
x73	x20
x73	x22
x73	x23
x73	x25
x73	x27
x73	x30
x73	x36
x73	x40
x73	x44
x73	x45
x73	x48
x73	x50
x73	x51
x73	x55
x73	x58
x73	x59
x73	x65
x73	x73
x73	x77
x73	x79
x73	x81
x73	x83
x73	x89
x74	x1
x74	x2
x74	x5
x74	x7
x74	x8
x74	x10
x74	x11
x74	x12
x74	x13
x74	x14
x74	x15
x74	x16
x74	x17
x74	x19
x74	x21
x74	x22
x74	x23
x74	x27
x74	x30
x74	x31
x74	x32
x74	x33
x74	x34
x74	x37
x74	x40
x74	x41
x74	x47
x74	x50
x74	x51
x74	x52
x74	x53
x74	x55
x74	x61
x74	x63
x74	x64
x74	x72
x74	x77
x74	x82
x74	x83
x74	x93
x75	x2
x75	x3
x75	x5
x75	x7
x75	x8
x75	x10
x75	x11
x75	x12
x75	x13
x75	x16
x75	x17
x75	x19
x75	x20
x75	x23
x75	x24
x75	x25
x75	x26
x75	x30
x75	x31
x75	x33
x75	x34
x75	x36
x75	x39
x75	x41
x75	x44
x75	x46
x75	x48
x75	x54
x75	x56
x75	x57
x75	x59
x75	x61
x75	x71
x75	x73
x75	x76
x75	x84
x75	x89
x75	x94
x76	x2
x76	x3
x76	x5
x76	x6
x76	x7
x76	x8
x76	x9
x76	x11
x76	x12
x76	x13
x76	x14
x76	x15
x76	x16
x76	x17
x76	x18
x76	x19
x76	x20
x76	x22
x76	x23
x76	x26
x76	x28
x76	x30
x76	x31
x76	x32
x76	x33
x76	x34
x76	x36
x76	x37
x76	x38
x76	x39
x76	x40
x76	x45
x76	x52
x76	x53
x76	x54
x76	x57
x76	x59
x76	x63
x76	x65
x76	x69
x76	x77
x76	x88
x76	x93
x77	x0
x77	x1
x77	x2
x77	x4
x77	x6
x77	x7
x77	x8
x77	x11
x77	x12
x77	x14
x77	x15
x77	x16
x77	x18
x77	x22
x77	x24
x77	x25
x77	x27
x77	x31
x77	x32
x77	x34
x77	x35
x77	x39
x77	x40
x77	x42
x77	x46
x77	x47
x77	x48
x77	x53
x77	x56
x77	x65
x77	x73
x78	x1
x78	x2
x78	x3
x78	x4
x78	x5
x78	x7
x78	x9
x78	x10
x78	x12
x78	x13
x78	x14
x78	x15
x78	x17
x78	x18
x78	x19
x78	x22
x78	x29
x78	x37
x78	x43
x78	x46
x78	x49
x78	x55
x78	x58
x78	x59
x78	x61
x78	x69
x78	x76
x78	x84
x78	x89
x79	x0
x79	x4
x79	x6
x79	x7
x79	x8
x79	x11
x79	x13
x79	x15
x79	x16
x79	x19
x79	x20
x79	x22
x79	x25
x79	x26
x79	x27
x79	x30
x79	x32
x79	x34
x79	x35
x79	x36
x79	x37
x79	x38
x79	x47
x79	x52
x79	x60
x79	x61
x79	x77
x79	x78
x80	x1
x80	x2
x80	x3
x80	x4
x80	x5
x80	x6
x80	x8
x80	x9
x80	x10
x80	x11
x80	x12
x80	x14
x80	x18
x80	x19
x80	x20
x80	x21
x80	x26
x80	x29
x80	x31
x80	x34
x80	x35
x80	x37
x80	x41
x80	x42
x80	x43
x80	x44
x80	x47
x80	x50
x80	x54
x80	x62
x80	x63
x80	x67
x80	x71
x80	x79
x80	x87
x81	x0
x81	x3
x81	x4
x81	x5
x81	x6
x81	x11
x81	x13
x81	x14
x81	x15
x81	x16
x81	x20
x81	x23
x81	x28
x81	x30
x81	x36
x81	x37
x81	x38
x81	x41
x81	x43
x81	x47
x81	x48
x81	x50
x81	x56
x81	x64
x81	x66
x81	x68
x81	x80
x81	x88
x82	x0
x82	x2
x82	x4
x82	x5
x82	x7
x82	x8
x82	x10
x82	x11
x82	x14
x82	x15
x82	x18
x82	x19
x82	x20
x82	x21
x82	x22
x82	x23
x82	x24
x82	x26
x82	x29
x82	x31
x82	x32
x82	x35
x82	x36
x82	x37
x82	x39
x82	x41
x82	x42
x82	x43
x82	x51
x82	x52
x82	x54
x82	x55
x82	x58
x82	x60
x82	x61
x82	x63
x82	x72
x82	x85
x83	x0
x83	x1
x83	x3
x83	x7
x83	x8
x83	x10
x83	x12
x83	x13
x83	x15
x83	x16
x83	x17
x83	x19
x83	x20
x83	x21
x83	x23
x83	x24
x83	x25
x83	x28
x83	x29
x83	x31
x83	x35
x83	x36
x83	x38
x83	x41
x83	x42
x83	x45
x83	x57
x83	x58
x83	x59
x83	x64
x83	x72
x83	x73
x83	x75
x83	x77
x83	x78
x84	x0
x84	x1
x84	x2
x84	x3
x84	x4
x84	x5
x84	x6
x84	x7
x84	x8
x84	x9
x84	x10
x84	x11
x84	x12
x84	x14
x84	x15
x84	x17
x84	x18
x84	x21
x84	x22
x84	x26
x84	x27
x84	x28
x84	x34
x84	x37
x84	x38
x84	x40
x84	x45
x84	x47
x84	x52
x84	x53
x84	x63
x84	x64
x84	x67
x84	x70
x84	x74
x84	x75
x84	x76
x84	x80
x84	x87
x85	x1
x85	x3
x85	x6
x85	x7
x85	x8
x85	x9
x85	x11
x85	x13
x85	x14
x85	x15
x85	x16
x85	x17
x85	x19
x85	x22
x85	x26
x85	x27
x85	x28
x85	x29
x85	x30
x85	x31
x85	x32
x85	x35
x85	x38
x85	x39
x85	x40
x85	x41
x85	x42
x85	x49
x85	x52
x85	x55
x85	x60
x85	x61
x85	x63
x85	x65
x85	x72
x85	x80
x85	x81
x85	x87
x85	x92
x85	x93
x86	x0
x86	x1
x86	x5
x86	x6
x86	x10
x86	x11
x86	x14
x86	x16
x86	x17
x86	x19
x86	x20
x86	x23
x86	x24
x86	x25
x86	x26
x86	x27
x86	x28
x86	x29
x86	x32
x86	x36
x86	x38
x86	x39
x86	x41
x86	x42
x86	x44
x86	x56
x86	x60
x86	x65
x86	x66
x86	x82
x87	x0
x87	x2
x87	x3
x87	x4
x87	x5
x87	x6
x87	x9
x87	x10
x87	x12
x87	x14
x87	x15
x87	x21
x87	x22
x87	x24
x87	x25
x87	x26
x87	x28
x87	x30
x87	x32
x87	x33
x87	x35
x87	x36
x87	x40
x87	x42
x87	x43
x87	x45
x87	x47
x87	x49
x87	x52
x87	x58
x87	x59
x87	x60
x87	x69
x87	x77
x87	x97
x88	x0
x88	x1
x88	x3
x88	x5
x88	x6
x88	x7
x88	x8
x88	x9
x88	x10
x88	x12
x88	x13
x88	x14
x88	x17
x88	x18
x88	x19
x88	x21
x88	x22
x88	x23
x88	x24
x88	x25
x88	x26
x88	x32
x88	x33
x88	x34
x88	x35
x88	x36
x88	x37
x88	x38
x88	x39
x88	x40
x88	x41
x88	x42
x88	x44
x88	x46
x88	x47
x88	x48
x88	x55
x88	x57
x88	x58
x88	x59
x88	x73
x88	x76
x88	x82
x89	x1
x89	x3
x89	x5
x89	x6
x89	x7
x89	x8
x89	x10
x89	x11
x89	x15
x89	x17
x89	x18
x89	x19
x89	x20
x89	x22
x89	x23
x89	x26
x89	x27
x89	x29
x89	x30
x89	x31
x89	x33
x89	x34
x89	x38
x89	x40
x89	x41
x89	x44
x89	x48
x89	x49
x89	x55
x89	x61
x89	x66
x89	x73
x89	x78
x89	x85
x90	x0
x90	x2
x90	x3
x90	x4
x90	x6
x90	x7
x90	x8
x90	x9
x90	x10
x90	x11
x90	x13
x90	x14
x90	x16
x90	x19
x90	x20
x90	x26
x90	x30
x90	x32
x90	x33
x90	x35
x90	x37
x90	x39
x90	x40
x90	x42
x90	x44
x90	x46
x90	x49
x90	x66
x90	x70
x90	x71
x90	x74
x90	x75
x91	x0
x91	x1
x91	x6
x91	x7
x91	x8
x91	x9
x91	x10
x91	x11
x91	x12
x91	x13
x91	x15
x91	x18
x91	x22
x91	x25
x91	x27
x91	x28
x91	x30
x91	x38
x91	x39
x91	x40
x91	x41
x91	x45
x91	x49
x91	x50
x91	x53
x91	x55
x91	x57
x91	x69
x91	x71
x91	x73
x91	x75
x91	x88
x92	x0
x92	x1
x92	x3
x92	x5
x92	x6
x92	x7
x92	x8
x92	x10
x92	x13
x92	x14
x92	x19
x92	x21
x92	x22
x92	x24
x92	x25
x92	x29
x92	x30
x92	x32
x92	x37
x92	x39
x92	x42
x92	x43
x92	x46
x92	x50
x92	x51
x92	x71
x92	x72
x92	x73
x92	x75
x93	x0
x93	x1
x93	x2
x93	x3
x93	x7
x93	x8
x93	x10
x93	x11
x93	x12
x93	x13
x93	x15
x93	x16
x93	x18
x93	x20
x93	x21
x93	x22
x93	x27
x93	x30
x93	x32
x93	x33
x93	x35
x93	x38
x93	x39
x93	x40
x93	x49
x93	x51
x93	x53
x93	x56
x93	x58
x93	x59
x93	x63
x93	x64
x93	x71
x93	x73
x93	x74
x93	x76
x94	x1
x94	x3
x94	x5
x94	x6
x94	x7
x94	x9
x94	x10
x94	x11
x94	x13
x94	x14
x94	x15
x94	x16
x94	x17
x94	x18
x94	x23
x94	x26
x94	x27
x94	x28
x94	x30
x94	x31
x94	x32
x94	x33
x94	x34
x94	x35
x94	x36
x94	x41
x94	x44
x94	x48
x94	x50
x94	x54
x94	x55
x94	x61
x94	x71
x94	x74
x94	x75
x94	x87
x95	x0
x95	x2
x95	x3
x95	x4
x95	x5
x95	x6
x95	x7
x95	x8
x95	x9
x95	x13
x95	x14
x95	x15
x95	x17
x95	x18
x95	x19
x95	x25
x95	x28
x95	x30
x95	x32
x95	x34
x95	x35
x95	x36
x95	x38
x95	x39
x95	x40
x95	x44
x95	x46
x95	x47
x95	x49
x95	x51
x95	x53
x95	x55
x95	x59
x95	x61
x95	x66
x95	x73
x95	x74
x95	x75
x95	x89
x96	x0
x96	x6
x96	x8
x96	x10
x96	x11
x96	x12
x96	x13
x96	x15
x96	x16
x96	x19
x96	x21
x96	x22
x96	x28
x96	x29
x96	x30
x96	x31
x96	x33
x96	x36
x96	x43
x96	x44
x96	x50
x96	x58
x96	x66
x96	x71
x96	x74
x96	x79
x96	x84
x96	x94
x97	x0
x97	x1
x97	x2
x97	x4
x97	x5
x97	x6
x97	x8
x97	x11
x97	x12
x97	x13
x97	x14
x97	x16
x97	x19
x97	x22
x97	x24
x97	x25
x97	x31
x97	x35
x97	x37
x97	x39
x97	x42
x97	x43
x97	x56
x97	x58
x97	x59
x97	x64
x97	x75
x97	x80
x98	x0
x98	x2
x98	x3
x98	x4
x98	x5
x98	x6
x98	x7
x98	x10
x98	x11
x98	x12
x98	x13
x98	x14
x98	x15
x98	x16
x98	x17
x98	x18
x98	x19
x98	x20
x98	x21
x98	x23
x98	x26
x98	x27
x98	x28
x98	x29
x98	x33
x98	x40
x98	x41
x98	x42
x98	x45
x98	x46
x98	x52
x98	x54
x98	x55
x98	x58
x98	x63
x98	x64
x98	x71
x98	x73
x98	x75
x99	x0
x99	x1
x99	x2
x99	x5
x99	x6
x99	x8
x99	x9
x99	x10
x99	x11
x99	x15
x99	x16
x99	x17
x99	x18
x99	x20
x99	x22
x99	x23
x99	x25
x99	x27
x99	x29
x99	x33
x99	x36
x99	x37
x99	x39
x99	x41
x99	x43
x99	x45
x99	x46
x99	x53
x99	x54
x99	x56
x99	x58
x99	x61
x99	x68
x99	x87
